it,error
0,1.37181354786137
1,1.3451131322560277
